qcew_year,qcew_quarter,state_fips,state_name,sector6_code,sector6_label,sector_employment,state_total_employment,state_sector_employment_share,average_weekly_wage,sector_share_pct,average_weekly_wage_usd
2025,3,51,Virginia,MFG,Manufacturing,55545.0,193585.0,0.2869282227445308,1914.2863624088577,28.69282227445308,1914.2863624088577
2025,3,51,Virginia,INF,Information,625.0,193585.0,0.0032285559315029,2171.0,0.32285559315029,2171.0
2025,3,51,Virginia,FAS,Financial activities,2735.0,193585.0,0.0141281607562569,3622.621206581353,1.41281607562569,3622.621206581353
2025,3,51,Virginia,PBS,Professional and business services,30880.0,193585.0,0.1595164914636981,2121.717163212435,15.951649146369808,2121.717163212435
2025,3,51,Virginia,HCS,Health care and social assistance,72830.0,193585.0,0.3762171655861766,2249.9122202389126,37.62171655861766,2249.9122202389126
2025,3,51,Virginia,RET,Retail trade,30970.0,193585.0,0.1599814035178345,1069.2003551824346,15.99814035178345,1069.2003551824346
